{
  "codec_chunk_sec": 0.64,
  "codec_left_context_sec": 2.0,
  "lang": "english",
  "model": "Qwen/Qwen3-TTS-12Hz-1.7B-CustomVoice",
  "quant": "BF16",
  "repetition_penalty": 1.05,
  "seed": 42,
  "speaker": "aiden",
  "temperature": 0.9,
  "top_k": 50,
  "top_p": 1.0,
  "wheels": [
    {
      "backend": "cpu",
      "load_s": 2.0323383770883083,
      "results": [
        {
          "audio_s": 1.6,
          "backend": "cpu",
          "bytes": 76844,
          "chunks": 3,
          "do_sample": false,
          "file": "cpu_greedy_20f_customvoice_bf16.wav",
          "first_callback_enter_ms": 2823.3667560853064,
          "first_yield_s": 2.8242147602140903,
          "max": 1.0,
          "max_new_tokens": 20,
          "min": -0.9985371828079224,
          "mode": "greedy_20f",
          "native_synthesize_ms": 5547.871803864837,
          "rms": 0.13851765566753688,
          "sample_rate": 24000,
          "samples": 38400,
          "text": "This is a short deterministic backend comparison.",
          "total_s": 5.548539792187512
        },
        {
          "audio_s": 3.68,
          "backend": "cpu",
          "bytes": 176684,
          "chunks": 6,
          "do_sample": true,
          "file": "cpu_sampled_seed42_customvoice_bf16.wav",
          "first_callback_enter_ms": 4445.246476214379,
          "first_yield_s": 4.4453782686032355,
          "max": 0.9672831296920776,
          "max_new_tokens": 80,
          "min": -1.0,
          "mode": "sampled_seed42",
          "native_synthesize_ms": 15073.940484784544,
          "rms": 0.1355695838965598,
          "sample_rate": 24000,
          "samples": 88320,
          "text": "Hello from the qwentts cpp Python wheel. This sample compares the same Qwen three custom voice settings across backends.",
          "total_s": 15.074209189973772
        }
      ],
      "version": "eda8b59 (2026-05-31)"
    },
    {
      "backend": "cu128",
      "load_s": 7.176388549618423,
      "results": [
        {
          "audio_s": 1.6,
          "backend": "cu128",
          "bytes": 76844,
          "chunks": 3,
          "do_sample": false,
          "file": "cu128_greedy_20f_customvoice_bf16.wav",
          "first_callback_enter_ms": 734.0356330387294,
          "first_yield_s": 0.7349824379198253,
          "max": 0.6689432859420776,
          "max_new_tokens": 20,
          "min": -0.8774434328079224,
          "mode": "greedy_20f",
          "native_synthesize_ms": 1143.9477880485356,
          "rms": 0.13154427288141302,
          "sample_rate": 24000,
          "samples": 38400,
          "text": "This is a short deterministic backend comparison.",
          "total_s": 1.1447814558632672
        },
        {
          "audio_s": 6.4,
          "backend": "cu128",
          "bytes": 307244,
          "chunks": 10,
          "do_sample": true,
          "file": "cu128_sampled_seed42_customvoice_bf16.wav",
          "first_callback_enter_ms": 271.0315310396254,
          "first_yield_s": 0.27122986782342196,
          "max": 0.6914042234420776,
          "max_new_tokens": 80,
          "min": -0.6923848390579224,
          "mode": "sampled_seed42",
          "native_synthesize_ms": 2731.2098373658955,
          "rms": 0.12360686647515703,
          "sample_rate": 24000,
          "samples": 153600,
          "text": "Hello from the qwentts cpp Python wheel. This sample compares the same Qwen three custom voice settings across backends.",
          "total_s": 2.7314665098674595
        }
      ],
      "version": "eda8b59 (2026-05-31)"
    },
    {
      "backend": "cu130",
      "load_s": 7.110981802921742,
      "results": [
        {
          "audio_s": 1.6,
          "backend": "cu130",
          "bytes": 76844,
          "chunks": 3,
          "do_sample": false,
          "file": "cu130_greedy_20f_customvoice_bf16.wav",
          "first_callback_enter_ms": 678.5042937844992,
          "first_yield_s": 0.6793792098760605,
          "max": 0.6005839109420776,
          "max_new_tokens": 20,
          "min": -0.7905293703079224,
          "mode": "greedy_20f",
          "native_synthesize_ms": 1089.799968060106,
          "rms": 0.15053639747356867,
          "sample_rate": 24000,
          "samples": 38400,
          "text": "This is a short deterministic backend comparison.",
          "total_s": 1.0909001021645963
        },
        {
          "audio_s": 6.4,
          "backend": "cu130",
          "bytes": 307244,
          "chunks": 10,
          "do_sample": true,
          "file": "cu130_sampled_seed42_customvoice_bf16.wav",
          "first_callback_enter_ms": 259.57830622792244,
          "first_yield_s": 0.259771378710866,
          "max": 0.7456034421920776,
          "max_new_tokens": 80,
          "min": -0.7358418703079224,
          "mode": "sampled_seed42",
          "native_synthesize_ms": 2733.761377632618,
          "rms": 0.12078344219599677,
          "sample_rate": 24000,
          "samples": 153600,
          "text": "Hello from the qwentts cpp Python wheel. This sample compares the same Qwen three custom voice settings across backends.",
          "total_s": 2.734125139657408
        }
      ],
      "version": "eda8b59 (2026-05-31)"
    }
  ]
}
